Depth	Dataset	Tools	TP1	TP2	FP	TN	FN	Accuracy	Precision	Sensitivity	Specificity	F1score	False_Positive_Rate	False_Negative	Base_pair_Difference	Redundancy
5X	dataset1	Deep_EccScan	8352.0	8457.0	2.0	10000.0	1648.0	0.9175082491750824	0.9997605937275557	0.8352	0.9998000399920016	0.9101013403072901	0.0001999600079984003	0.1648	1.03	1.01
5X	dataset1	Circle_finder	8027.0	9539.0	504.0	10000.0	1473.0	0.9011697660467907	0.9409213456804595	0.8449473684210527	0.952018278750952	0.8903554988630692	0.04798172124904798	0.15505263157894736	1.05	1.19
5X	dataset1	CircleMap	8235.0	9887.0	949.0	10000.0	1765.0	0.8704472767196525	0.896668118466899	0.8235	0.9133254178463787	0.8585279399499582	0.08667458215362134	0.1765	21.41	1.2
5X	dataset1	ecc_finder	3818.0	3819.0	205.0	10000.0	6182.0	0.6838901262063846	0.9490430027342779	0.3818	0.9799118079372856	0.5445339798901804	0.020088192062714356	0.6182	2.15	1.0
5X	dataset1	ECCsplorer	4951.0	5019.0	11359.0	10000.0	5049.0	0.47676902962466916	0.3035561005518087	0.4951	0.468186712861089	0.37635879893576585	0.531813287138911	0.5049	11.99	1.01
5X	dataset2	Deep_EccScan	9085.0	9293.0	3.0	10000.0	915.0	0.9541068839674048	0.9996698943661971	0.9085	0.9997000899730081	0.9519069572506287	0.00029991002699190244	0.0915	1.08	1.02
5X	dataset2	Circle_finder	8354.0	10622.0	510.0	10000.0	1146.0	0.9172413793103448	0.9424638989169675	0.8793684210526316	0.9514747859181731	0.9098235678501416	0.048525214081826834	0.12063157894736842	1.23	1.27
5X	dataset2	CircleMap	8894.0	10765.0	1123.0	10000.0	1106.0	0.8944752165885528	0.8878905860037936	0.8894	0.8990380293086397	0.888644652045761	0.10096197069136024	0.1106	13.48	1.21
5X	dataset2	ecc_finder	5269.0	5271.0	109.0	10000.0	4731.0	0.7593117509572828	0.9797322424693194	0.5269	0.9892175289346127	0.6852646638054363	0.010782471065387279	0.4731	1.36	1.0
5X	dataset2	ECCsplorer	7076.0	7183.0	4306.0	10000.0	2924.0	0.7025425820784992	0.6216833596907397	0.7076	0.6990074094785405	0.6618651201945562	0.30099259052145955	0.2924	3.71	1.02
5X	dataset3	Deep_EccScan	9294.0	9535.0	16.0	10000.0	706.0	0.9639288569144684	0.99828141783029	0.9294	0.9984025559105432	0.9626100466079751	0.001597444089456869	0.0706	0.86	1.03
5X	dataset3	Circle_finder	8446.0	11222.0	509.0	10000.0	1054.0	0.9218851516817432	0.9431602456728085	0.8890526315789473	0.9515653249595585	0.9153075047412625	0.04843467504044153	0.11094736842105263	1.31	1.33
5X	dataset3	CircleMap	9098.0	10404.0	840.0	10000.0	902.0	0.9164107485604607	0.9154759508955524	0.9098	0.922509225092251	0.9126291503661351	0.07749077490774908	0.0902	8.09	1.14
5X	dataset3	ecc_finder	6079.0	6089.0	99.0	10000.0	3921.0	0.7999900492561819	0.9839753965684688	0.6079	0.9901970492127934	0.7515144022746941	0.009802950787206654	0.3921	1.36	1.0
5X	dataset3	ECCsplorer	8026.0	8159.0	2420.0	10000.0	1974.0	0.804014272970562	0.7683323760291021	0.8026	0.8051529790660226	0.7850924386188007	0.19484702093397746	0.1974	1.29	1.02
5X	dataset4	Deep_EccScan	8809.0	8966.0	4.0	10000.0	1191.0	0.9402619476104779	0.9995461250425508	0.8809	0.9996001599360256	0.9364800935523309	0.00039984006397441024	0.1191	1.42	1.02
5X	dataset4	Circle_finder	8289.0	10293.0	501.0	10000.0	1211.0	0.9144042797860107	0.9430034129692833	0.8725263157894737	0.9522902580706599	0.9063969382176051	0.04770974192934006	0.12747368421052632	1.32	1.24
5X	dataset4	CircleMap	8710.0	10708.0	1212.0	10000.0	1290.0	0.8820478974165566	0.8778472082241484	0.871	0.8919015340706385	0.8744101997791387	0.1080984659293614	0.129	17.34	1.23
5X	dataset4	ecc_finder	4857.0	4857.0	157.0	10000.0	5143.0	0.7370640472292503	0.9686876745113682	0.4857	0.9845426799251747	0.646996136938857	0.015457320074825243	0.5143	1.63	1.0
5X	dataset4	ECCsplorer	6166.0	6241.0	5624.0	10000.0	3834.0	0.6308929128941617	0.5229855810008481	0.6166	0.6400409626216078	0.5659476824231299	0.35995903737839224	0.3834	5.33	1.01
5X	dataset5	Deep_EccScan	8361.0	8469.0	1.0	10000.0	1639.0	0.9180040997950103	0.9998804113848362	0.8361	0.9999000099990001	0.9106851105544058	9.999000099990002e-05	0.1639	1.03	1.01
5X	dataset5	Circle_finder	8026.0	9447.0	503.0	10000.0	1474.0	0.9011648252762086	0.9410247391253371	0.844842105263158	0.9521089212605922	0.8903433357368684	0.04789107873940779	0.1551578947368421	1.02	1.18
5X	dataset5	CircleMap	8228.0	9835.0	977.0	10000.0	1772.0	0.868951709014635	0.8938620315046171	0.8228	0.9109957183201239	0.8568601926581619	0.0890042816798761	0.1772	20.55	1.2
5X	dataset5	ecc_finder	5724.0	5736.0	290.0	10000.0	4276.0	0.7749630359783144	0.9517791819088793	0.5724	0.9718172983479106	0.7148744848257774	0.028182701652089408	0.4276	1.52	1.0
5X	dataset5	ECCsplorer	4913.0	4985.0	12719.0	10000.0	5087.0	0.45579021363733613	0.2786411070780399	0.4913	0.4401602183194683	0.3556022003474232	0.5598397816805317	0.5087	12.13	1.01
5X	dataset6	Deep_EccScan	8225.0	8371.0	4.0	10000.0	1775.0	0.9110677864427115	0.9995139142058573	0.8225	0.9996001599360256	0.9024082505897197	0.00039984006397441024	0.1775	0.97	1.02
5X	dataset6	Circle_finder	7897.0	9656.0	507.0	10000.0	1603.0	0.8945369120807717	0.9396715849595431	0.8312631578947368	0.9517464547444561	0.8821492403932082	0.04825354525554392	0.16873684210526316	1.07	1.22
5X	dataset6	CircleMap	7949.0	8905.0	560.0	10000.0	2051.0	0.8730058365758755	0.9341873310612293	0.7949	0.946969696969697	0.8589334918147928	0.05303030303030303	0.2051	13.08	1.12
5X	dataset6	ecc_finder	3029.0	3032.0	236.0	10000.0	6971.0	0.6438525400276734	0.9277182235834609	0.3029	0.9769441187964049	0.4566905390124388	0.023055881203595155	0.6971	1.97	1.0
5X	dataset6	ECCsplorer	4924.0	5037.0	13682.0	10000.0	5076.0	0.44308532747461554	0.2646458131785446	0.4924	0.42226163330799765	0.34426344123610436	0.5777383666920024	0.5076	6.24	1.02
5X	dataset7	Deep_EccScan	9423.0	9780.0	104.0	10000.0	577.0	0.9661261440509351	0.9890836569749134	0.9423	0.9897070467141726	0.9651252112459671	0.010292953285827395	0.0577	0.81	1.04
5X	dataset7	Circle_finder	8449.0	11070.0	544.0	10000.0	1051.0	0.9204250648573139	0.9395085066162571	0.8893684210526316	0.9484066767830045	0.9137511490834371	0.051593323216995446	0.11063157894736841	1.26	1.31
5X	dataset7	CircleMap	9035.0	9471.0	472.0	10000.0	965.0	0.9298065650644783	0.9503523719364678	0.9035	0.9549274255156608	0.9263341364638334	0.04507257448433919	0.0965	3.06	1.05
5X	dataset7	ecc_finder	2665.0	2668.0	37.0	10000.0	7335.0	0.6320806507960274	0.9863064396743153	0.2665	0.9963136395337252	0.41961895764446544	0.003686360466274783	0.7335	1.32	1.0
5X	dataset7	ECCsplorer	8792.0	8950.0	962.0	10000.0	1208.0	0.8964793435740864	0.9013737953660037	0.8792	0.9122422915526364	0.890148830616584	0.08775770844736362	0.1208	0.84	1.02
10X	dataset1	Deep_EccScan	9243.0	9451.0	6.0	10000.0	757.0	0.9618614415675297	0.9993512812195913	0.9243	0.9994003597841296	0.9603615772247909	0.0005996402158704777	0.0757	1.05	1.02
10X	dataset1	Circle_finder	8434.0	10886.0	506.0	10000.0	1066.0	0.9214235729281216	0.943400447427293	0.8877894736842106	0.9518370454978108	0.9147505422993493	0.04816295450218923	0.11221052631578947	1.23	1.29
10X	dataset1	CircleMap	9133.0	12278.0	1830.0	10000.0	867.0	0.8764544205222171	0.8330748882605127	0.9133	0.8453085376162299	0.8713447502742928	0.15469146238377007	0.0867	33.22	1.34
10X	dataset1	ecc_finder	5676.0	5682.0	286.0	10000.0	4324.0	0.7727496795819777	0.9520295202952029	0.5676	0.9721952167995334	0.7111890740508708	0.027804783200466653	0.4324	1.55	1.0
10X	dataset1	ECCsplorer	7333.0	7450.0	6729.0	10000.0	2667.0	0.6484716974073104	0.5214763191580145	0.7333	0.59776436128878	0.6095087690133821	0.40223563871122003	0.2667	4.83	1.02
10X	dataset2	Deep_EccScan	9468.0	9789.0	4.0	10000.0	532.0	0.9732053589282144	0.9995777027027027	0.9468	0.9996001599360256	0.9724732949876747	0.00039984006397441024	0.0532	1.11	1.03
10X	dataset2	Circle_finder	8539.0	12601.0	509.0	10000.0	961.0	0.9265330601229447	0.9437444739168878	0.8988421052631579	0.9515653249595585	0.9207461720940263	0.04843467504044153	0.1011578947368421	1.49	1.48
10X	dataset2	CircleMap	9263.0	12113.0	1782.0	10000.0	737.0	0.8843540538058948	0.8386600271616116	0.9263	0.8487523340689187	0.880304110239962	0.1512476659310813	0.0737	19.78	1.31
10X	dataset2	ecc_finder	7292.0	7311.0	168.0	10000.0	2708.0	0.85739785799286	0.9774798927613941	0.7292	0.983477576711251	0.8352806414662085	0.016522423288749016	0.2708	1.62	1.0
10X	dataset2	ECCsplorer	8587.0	8779.0	3401.0	10000.0	1413.0	0.7942822956283919	0.7162996329662996	0.8587	0.7462129691814043	0.7810623976714571	0.2537870308185956	0.1413	2.49	1.02
10X	dataset3	Deep_EccScan	9527.0	9875.0	6.0	10000.0	473.0	0.9760571828451464	0.9993706073638938	0.9527	0.9994003597841296	0.9754773972252087	0.0005996402158704777	0.0473	0.95	1.04
10X	dataset3	Circle_finder	8564.0	13462.0	514.0	10000.0	936.0	0.9275507144998502	0.9433795990306235	0.9014736842105263	0.9511128019783146	0.9219506943696847	0.04888719802168537	0.09852631578947368	1.61	1.57
10X	dataset3	CircleMap	9320.0	11052.0	1094.0	10000.0	680.0	0.915900255996966	0.8949491069713846	0.932	0.9013881377321075	0.913098853727834	0.09861186226789255	0.068	10.22	1.19
10X	dataset3	ecc_finder	7841.0	7885.0	151.0	10000.0	2159.0	0.8853654905463749	0.9811061061061062	0.7841	0.9851246182642104	0.8716096042685638	0.014875381735789577	0.2159	1.61	1.01
10X	dataset3	ECCsplorer	8956.0	9197.0	2260.0	10000.0	1044.0	0.8515723270440252	0.7985021398002853	0.8956	0.8156606851549756	0.8442684766214178	0.18433931484502447	0.1044	1.34	1.03
10X	dataset4	Deep_EccScan	9415.0	9680.0	8.0	10000.0	585.0	0.9703618552578969	0.999151013477661	0.9415	0.9992006394884093	0.9694691860165783	0.0007993605115907274	0.0585	1.46	1.03
10X	dataset4	Circle_finder	8595.0	11854.0	503.0	10000.0	905.0	0.9296105584162375	0.9447131237634645	0.9047368421052632	0.9521089212605922	0.924292934724164	0.04789107873940779	0.09526315789473684	1.47	1.38
10X	dataset4	CircleMap	9297.0	12567.0	2057.0	10000.0	703.0	0.8748696558915537	0.818830368152193	0.9297	0.829393713195654	0.870750210733352	0.17060628680434603	0.0703	24.95	1.35
10X	dataset4	ecc_finder	7058.0	7075.0	234.0	10000.0	2942.0	0.8430364732628249	0.9679100383982446	0.7058	0.9771350400625366	0.8163312514457552	0.022864959937463358	0.2942	1.59	1.0
10X	dataset4	ECCsplorer	8088.0	8202.0	3435.0	10000.0	1912.0	0.7718369959462342	0.7019005467326217	0.8088	0.744324525493115	0.7515680899502857	0.255675474506885	0.1912	2.34	1.01
10X	dataset5	Deep_EccScan	9244.0	9457.0	5.0	10000.0	756.0	0.9619595101224694	0.9994594010163261	0.9244	0.9995002498750625	0.9604654787261676	0.0004997501249375312	0.0756	1.09	1.02
10X	dataset5	Circle_finder	8451.0	11011.0	507.0	10000.0	1049.0	0.9222272204728345	0.9434025452109845	0.889578947368421	0.9517464547444561	0.9157005092642757	0.04825354525554392	0.11042105263157895	1.27	1.3
10X	dataset5	CircleMap	9156.0	12327.0	1800.0	10000.0	844.0	0.8787155963302752	0.8357064622124863	0.9156	0.847457627118644	0.8738308837564421	0.15254237288135594	0.0844	31.82	1.35
10X	dataset5	ecc_finder	5724.0	5736.0	290.0	10000.0	4276.0	0.7749630359783144	0.9517791819088793	0.5724	0.9718172983479106	0.7148744848257774	0.028182701652089408	0.4276	1.52	1.0
10X	dataset5	ECCsplorer	7346.0	7464.0	8544.0	10000.0	2654.0	0.6076933856502242	0.46230333543108876	0.7346	0.5392579810181191	0.5674777906527617	0.46074201898188094	0.2654	5.42	1.02
10X	dataset6	Deep_EccScan	9138.0	9387.0	16.0	10000.0	862.0	0.9561350919264588	0.9982521302162989	0.9138	0.9984025559105432	0.9541610107549336	0.001597444089456869	0.0862	1.1	1.03
10X	dataset6	Circle_finder	8372.0	11320.0	505.0	10000.0	1128.0	0.9183704073981505	0.9431114115128985	0.8812631578947369	0.9519276534983341	0.9111389236545681	0.04807234650166587	0.11873684210526315	1.29	1.35
10X	dataset6	CircleMap	8781.0	10550.0	1029.0	10000.0	1219.0	0.8931000047553379	0.8951070336391437	0.8781	0.9067005168192945	0.8865219586067642	0.09329948318070541	0.1219	20.4	1.2
10X	dataset6	ecc_finder	4601.0	4620.0	325.0	10000.0	5399.0	0.7183763837638376	0.9340235485180673	0.4601	0.9685230024213075	0.6165081066595203	0.031476997578692496	0.5399	1.93	1.0
10X	dataset6	ECCsplorer	6526.0	6680.0	10514.0	10000.0	3474.0	0.5415874680474536	0.382981220657277	0.6526	0.4874719703617042	0.4826923076923077	0.5125280296382958	0.3474	4.47	1.02
10X	dataset7	Deep_EccScan	9546.0	10065.0	112.0	10000.0	454.0	0.9718575974542562	0.9884033961482709	0.9546	0.9889240506329114	0.9712076508291789	0.011075949367088608	0.0454	0.87	1.05
10X	dataset7	Circle_finder	8503.0	13202.0	557.0	10000.0	997.0	0.9225208156753253	0.9385209713024283	0.8950526315789473	0.947238798901203	0.9162715517241379	0.052761201098797006	0.10494736842105264	1.6	1.55
10X	dataset7	CircleMap	9093.0	9592.0	490.0	10000.0	907.0	0.9318204001952172	0.9488677867056245	0.9093	0.9532888465204957	0.9286626155338814	0.04671115347950429	0.0907	3.53	1.05
10X	dataset7	ecc_finder	3601.0	3623.0	58.0	10000.0	6399.0	0.6780835576827201	0.9841486745012299	0.3601	0.9942334460131239	0.5272713961490592	0.005766553986876119	0.6399	1.7	1.01
10X	dataset7	ECCsplorer	8961.0	9206.0	1586.0	10000.0	1039.0	0.8783934031316594	0.8496254859201668	0.8961	0.8631106507854307	0.8722441232296685	0.1368893492145693	0.1039	0.91	1.03
15X	dataset1	Deep_EccScan	9441.0	9749.0	16.0	10000.0	559.0	0.9712729816147082	0.9983081315427725	0.9441	0.9984025559105432	0.9704476538006888	0.001597444089456869	0.0559	1.18	1.03
15X	dataset1	Circle_finder	8541.0	12006.0	512.0	10000.0	959.0	0.9264941035378773	0.9434441621561913	0.8990526315789473	0.9512937595129376	0.9207136312186708	0.0487062404870624	0.10094736842105263	1.41	1.41
15X	dataset1	CircleMap	9344.0	13667.0	2226.0	10000.0	656.0	0.8703320435525961	0.8076058772687986	0.9344	0.8179290037624735	0.8663885025498377	0.1820709962375266	0.0656	41.2	1.46
15X	dataset1	ecc_finder	6967.0	6987.0	323.0	10000.0	3033.0	0.8348668995719136	0.9556927297668039	0.6967	0.968710646130001	0.8058993637941007	0.03128935386999903	0.3033	1.46	1.0
15X	dataset1	ECCsplorer	8263.0	8428.0	7623.0	10000.0	1737.0	0.6611519386018897	0.5201435225985144	0.8263	0.5674402769108551	0.6384145870354632	0.43255972308914487	0.1737	4.09	1.02
15X	dataset2	Deep_EccScan	9567.0	9988.0	7.0	10000.0	433.0	0.978007697305943	0.9992688531439314	0.9567	0.9993004896572399	0.9775212015939512	0.0006995103427600679	0.0433	1.26	1.04
15X	dataset2	Circle_finder	8578.0	14190.0	511.0	10000.0	922.0	0.9283893858377892	0.9437781934206183	0.9029473684210526	0.9513842641042717	0.9229113992145892	0.04861573589572828	0.09705263157894736	1.68	1.65
15X	dataset2	CircleMap	9381.0	12981.0	2132.0	10000.0	619.0	0.8757003433941803	0.8148180317901502	0.9381	0.8242664029014177	0.87212383210152	0.17573359709858227	0.0619	24.27	1.38
15X	dataset2	ecc_finder	8016.0	8059.0	190.0	10000.0	1984.0	0.8923229321446261	0.9768462100901779	0.8016	0.9813542688910697	0.8805888168735582	0.018645731108930325	0.1984	1.8	1.01
15X	dataset2	ECCsplorer	8960.0	9188.0	2865.0	10000.0	1040.0	0.829214957358408	0.7577167019027484	0.896	0.777302759424796	0.8210767468499426	0.22269724057520404	0.104	2.02	1.03
15X	dataset3	Deep_EccScan	9584.0	10037.0	24.0	10000.0	416.0	0.9780263683579704	0.9975020815986678	0.9584	0.9976057462090981	0.9775601795185639	0.0023942537909018356	0.0416	1.05	1.05
15X	dataset3	Circle_finder	8590.0	15645.0	518.0	10000.0	910.0	0.9286642022180038	0.943126921387791	0.9042105263157895	0.9507510933637574	0.9232588134135855	0.04924890663624263	0.09578947368421052	1.86	1.82
15X	dataset3	CircleMap	9383.0	11334.0	1130.0	10000.0	617.0	0.9173213440605774	0.892514030248264	0.9383	0.8984725965858041	0.9148344951981671	0.10152740341419586	0.0617	11.61	1.21
15X	dataset3	ecc_finder	8415.0	8490.0	190.0	10000.0	1585.0	0.9120851906884596	0.9779198140615921	0.8415	0.9813542688910697	0.9045955388336469	0.018645731108930325	0.1585	1.86	1.01
15X	dataset3	ECCsplorer	9080.0	9350.0	2453.0	10000.0	920.0	0.8497750857346457	0.7873059915026446	0.908	0.8030193527664017	0.8433567083081781	0.19698064723359832	0.092	1.35	1.03
15X	dataset4	Deep_EccScan	9570.0	9893.0	15.0	10000.0	430.0	0.9777666749937547	0.9984350547730829	0.957	0.9985022466300549	0.9772785294868521	0.0014977533699450823	0.043	1.5	1.03
15X	dataset4	Circle_finder	8662.0	13285.0	510.0	10000.0	838.0	0.9326336831584208	0.9443959877889229	0.9117894736842105	0.9514747859181731	0.9278063410454155	0.048525214081826834	0.08821052631578948	1.7	1.53
15X	dataset4	CircleMap	9418.0	13556.0	2446.0	10000.0	582.0	0.8650984585226766	0.7938300741739717	0.9418	0.8034709946970915	0.8615075009147457	0.19652900530290857	0.0582	30.48	1.44
15X	dataset4	ecc_finder	7537.0	7572.0	236.0	10000.0	2463.0	0.8666238387033011	0.9696384922166473	0.7537	0.9769441187964049	0.8481404377426432	0.023055881203595155	0.2463	1.25	1.0
15X	dataset4	ECCsplorer	8721.0	8905.0	3797.0	10000.0	1279.0	0.7866958019918477	0.6966767854289823	0.8721	0.7247952453431905	0.7745803357314148	0.27520475465680944	0.1279	2.3	1.02
15X	dataset5	Deep_EccScan	9452.0	9743.0	16.0	10000.0	548.0	0.9718225419664268	0.9983100971694128	0.9452	0.9984025559105432	0.9710293815492089	0.001597444089456869	0.0548	1.17	1.03
15X	dataset5	Circle_finder	8547.0	12092.0	509.0	10000.0	953.0	0.9269328802039083	0.9437941696113075	0.8996842105263158	0.9515653249595585	0.9212114679887906	0.04843467504044153	0.1003157894736842	1.42	1.41
15X	dataset5	CircleMap	9375.0	13614.0	2304.0	10000.0	625.0	0.8686782639885222	0.8027228358592345	0.9375	0.812743823146944	0.864892292079893	0.18725617685305593	0.0625	40.42	1.45
15X	dataset5	ecc_finder	7042.0	7078.0	331.0	10000.0	2958.0	0.8382273375633269	0.9551064695510647	0.7042	0.9679605072113058	0.8106832441144306	0.032039492788694224	0.2958	1.45	1.01
15X	dataset5	ECCsplorer	8287.0	8431.0	7108.0	10000.0	1713.0	0.674597904677586	0.5382916531341344	0.8287	0.5845218611176058	0.6526481590864343	0.4154781388823942	0.1713	4.17	1.02
15X	dataset6	Deep_EccScan	9354.0	9647.0	25.0	10000.0	646.0	0.9664918851435705	0.9973344706258663	0.9354	0.9975062344139651	0.9653748903452191	0.0024937655860349127	0.0646	1.03	1.03
15X	dataset6	Circle_finder	8493.0	12737.0	510.0	10000.0	1007.0	0.9241879060469765	0.943352215928024	0.894	0.9514747859181731	0.9180132951413285	0.048525214081826834	0.106	1.5	1.5
15X	dataset6	CircleMap	9009.0	11224.0	1287.0	10000.0	991.0	0.8929863296847841	0.875	0.9009	0.8859750155045628	0.887761135199054	0.11402498449543723	0.0991	23.88	1.25
15X	dataset6	ecc_finder	5139.0	5167.0	374.0	10000.0	4861.0	0.7430548738588397	0.9321603482677309	0.5139	0.963948332369385	0.6625410945658481	0.036051667630615	0.4861	1.69	1.01
15X	dataset6	ECCsplorer	7115.0	7280.0	7451.0	10000.0	2885.0	0.6234745546610324	0.4884662913634491	0.7115	0.5730330640077933	0.5792558821134901	0.42696693599220675	0.2885	3.42	1.02
15X	dataset7	Deep_EccScan	9579.0	10167.0	122.0	10000.0	421.0	0.9730146108736706	0.9874239769095969	0.9579	0.9879470460383324	0.9724379473123191	0.012052953961667655	0.0421	0.88	1.06
15X	dataset7	Circle_finder	8527.0	15205.0	558.0	10000.0	973.0	0.9236713530760794	0.9385800770500825	0.897578947368421	0.9471490812653912	0.917621737960721	0.05285091873460883	0.10242105263157894	1.81	1.78
15X	dataset7	CircleMap	9139.0	9717.0	518.0	10000.0	861.0	0.9327907203431134	0.946360153256705	0.9139	0.9507510933637574	0.9298468738871649	0.04924890663624263	0.0861	3.87	1.06
15X	dataset7	ecc_finder	3959.0	3995.0	69.0	10000.0	6041.0	0.6955503512880562	0.9828699106256207	0.3959	0.993147283742179	0.5644425434844597	0.0068527162578210345	0.6041	1.84	1.01
15X	dataset7	ECCsplorer	8756.0	9033.0	1906.0	10000.0	1244.0	0.8562037797863599	0.8212342900018759	0.8756	0.8399126490844953	0.8475462201142194	0.1600873509155048	0.1244	0.91	1.03
20X	dataset1	Deep_EccScan	9560.0	9892.0	13.0	10000.0	440.0	0.9773647129365912	0.9986420139977019	0.956	0.9987016878058524	0.9768558728861186	0.0012983121941476082	0.044	1.24	1.03
20X	dataset1	Circle_finder	8604.0	12986.0	510.0	10000.0	896.0	0.9297351324337831	0.9440421329822252	0.9056842105263158	0.9514747859181731	0.9244654561083055	0.048525214081826834	0.09431578947368421	1.53	1.51
20X	dataset1	CircleMap	9463.0	14701.0	2450.0	10000.0	537.0	0.8669487750556792	0.7943423151179384	0.9463	0.8032128514056225	0.8636882216036144	0.19678714859437751	0.0537	46.98	1.55
20X	dataset1	ecc_finder	7057.0	7086.0	327.0	10000.0	2943.0	0.8391302208884734	0.955715059588299	0.7057	0.9683354313934347	0.8118959963184538	0.031664568606565316	0.2943	1.53	1.0
20X	dataset1	ECCsplorer	8683.0	8874.0	6465.0	10000.0	1317.0	0.7059512563763461	0.5732109849485081	0.8683	0.6073489219556635	0.6905519325592492	0.39265107804433647	0.1317	3.25	1.02
20X	dataset2	Deep_EccScan	9637.0	10121.0	7.0	10000.0	363.0	0.981506472734543	0.9992741600995437	0.9637	0.9993004896572399	0.9811647322337609	0.0006995103427600679	0.0363	1.4	1.05
20X	dataset2	Circle_finder	8600.0	15791.0	512.0	10000.0	900.0	0.9294423345992404	0.9438103599648815	0.9052631578947369	0.9512937595129376	0.9241349666881582	0.0487062404870624	0.09473684210526316	1.87	1.84
20X	dataset2	CircleMap	9429.0	13500.0	2237.0	10000.0	571.0	0.8737239735575842	0.8082461854963141	0.9429	0.8171937566396993	0.8703960121849903	0.18280624336030074	0.0571	28.26	1.43
20X	dataset2	ecc_finder	8343.0	8404.0	197.0	10000.0	1657.0	0.9082041887409021	0.9769320843091335	0.8343	0.9806805923310777	0.9000000000000001	0.01931940766892223	0.1657	2.03	1.01
20X	dataset2	ECCsplorer	9072.0	9351.0	3144.0	10000.0	928.0	0.8240580712063602	0.7426326129666012	0.9072	0.7608034083992696	0.8167086784299604	0.23919659160073037	0.0928	1.99	1.03
20X	dataset3	Deep_EccScan	9610.0	10092.0	28.0	10000.0	390.0	0.9791292190932694	0.9970948329528948	0.961	0.9972078181092939	0.9787147367349018	0.002792181890706023	0.039	1.08	1.05
20X	dataset3	Circle_finder	8595.0	17530.0	522.0	10000.0	905.0	0.9287283987613625	0.9427443237907206	0.9047368421052632	0.9503896597605018	0.9233496266852876	0.049610340239498195	0.09526315789473684	2.0	2.04
20X	dataset3	CircleMap	9388.0	11495.0	1176.0	10000.0	612.0	0.915564790328674	0.8886785308595229	0.9388	0.8947745168217609	0.9130519354211243	0.10522548317823908	0.0612	12.97	1.22
20X	dataset3	ecc_finder	8621.0	8708.0	211.0	10000.0	1379.0	0.9213299688288555	0.9761096014492754	0.8621	0.9793360101850945	0.9155692438402719	0.020663989814905494	0.1379	2.09	1.01
20X	dataset3	ECCsplorer	8980.0	9271.0	2483.0	10000.0	1020.0	0.8441933905617578	0.7833900375119951	0.898	0.8010894816951053	0.8367888925126962	0.19891051830489465	0.102	1.19	1.03
20X	dataset4	Deep_EccScan	9622.0	9979.0	16.0	10000.0	378.0	0.9803157474020784	0.9983399045445113	0.9622	0.9984025559105432	0.979936857113759	0.001597444089456869	0.0378	1.6	1.04
20X	dataset4	Circle_finder	8695.0	14763.0	510.0	10000.0	805.0	0.9342828585707147	0.9445953286257469	0.9152631578947369	0.9514747859181731	0.929697941726811	0.048525214081826834	0.08473684210526315	1.85	1.7
20X	dataset4	CircleMap	9491.0	14344.0	2679.0	10000.0	509.0	0.8594294281052957	0.7798685291700904	0.9491	0.7887057338906854	0.8562020748759586	0.21129426610931462	0.0509	35.68	1.51
20X	dataset4	ecc_finder	8077.0	8125.0	249.0	10000.0	1923.0	0.8927354437256161	0.9700936824405477	0.8077	0.9757049468240804	0.8814798646731421	0.024295053175919602	0.1923	1.35	1.01
20X	dataset4	ECCsplorer	8909.0	9097.0	3426.0	10000.0	1091.0	0.8071800563476479	0.7222537494933117	0.8909	0.7448234768359898	0.7977613610924558	0.2551765231640101	0.1091	2.04	1.02
20X	dataset5	Deep_EccScan	9542.0	9877.0	18.0	10000.0	458.0	0.9762214007393346	0.9981171548117155	0.9542	0.9982032341784788	0.9756646216768916	0.0017967658215212617	0.0458	1.24	1.04
20X	dataset5	Circle_finder	8598.0	13020.0	508.0	10000.0	902.0	0.9295281887245102	0.9442126070722601	0.9050526315789473	0.951655881233346	0.9242179941954208	0.048344118766653975	0.09494736842105263	1.55	1.51
20X	dataset5	CircleMap	9473.0	14852.0	2437.0	10000.0	527.0	0.86789677764407	0.7953820319059614	0.9473	0.804052424218059	0.8647193062528526	0.19594757578194097	0.0527	48.03	1.57
20X	dataset5	ecc_finder	7042.0	7078.0	331.0	10000.0	2958.0	0.8382273375633269	0.9551064695510647	0.7042	0.9679605072113058	0.8106832441144306	0.032039492788694224	0.2958	1.45	1.01
20X	dataset5	ECCsplorer	8666.0	8850.0	5732.0	10000.0	1334.0	0.7254002798072439	0.6018891512710098	0.8666	0.6356470887363336	0.7103860972210837	0.3643529112636664	0.1334	3.29	1.02
20X	dataset6	Deep_EccScan	9484.0	9863.0	22.0	10000.0	516.0	0.9731295574867646	0.9976856722070271	0.9484	0.9978048293753742	0.9724187429508869	0.002195170624625823	0.0516	1.18	1.04
20X	dataset6	Circle_finder	8543.0	13794.0	513.0	10000.0	957.0	0.9265477439664218	0.9433524734982333	0.8992631578947369	0.9512032721392562	0.9207803405906445	0.04879672786074384	0.10073684210526315	1.64	1.61
20X	dataset6	CircleMap	9105.0	11817.0	1300.0	10000.0	895.0	0.8969483568075117	0.8750600672753484	0.9105	0.8849557522123894	0.8924283263905906	0.11504424778761062	0.0895	29.38	1.3
20X	dataset6	ecc_finder	5306.0	5343.0	410.0	10000.0	4694.0	0.7499265066144047	0.9282715185444367	0.5306	0.9606147934678194	0.675235428862306	0.0393852065321806	0.4694	1.87	1.01
20X	dataset6	ECCsplorer	7358.0	7551.0	8826.0	10000.0	2642.0	0.6021647124124054	0.4546465645081562	0.7358	0.5311802825879104	0.5620226092270089	0.46881971741208966	0.2642	3.29	1.03
20X	dataset7	Deep_EccScan	9585.0	10247.0	119.0	10000.0	415.0	0.973457925344202	0.9877370156636439	0.9585	0.9882399446585631	0.9728989037758831	0.011760055341436901	0.0415	0.92	1.07
20X	dataset7	Circle_finder	8534.0	16889.0	571.0	10000.0	966.0	0.9234218524238952	0.9372872048325096	0.8983157894736842	0.9459842966606754	0.9173877989787691	0.05401570333932457	0.1016842105263158	1.95	1.98
20X	dataset7	CircleMap	9143.0	9697.0	501.0	10000.0	857.0	0.9337593288132287	0.9480506014102033	0.9143	0.9522902580706599	0.930869476684993	0.04770974192934006	0.0857	3.86	1.06
20X	dataset7	ecc_finder	4186.0	4245.0	98.0	10000.0	5814.0	0.7058413772514678	0.9771241830065359	0.4186	0.9902951079421668	0.5861103332399888	0.009704892057833234	0.5814	2.12	1.01
20X	dataset7	ECCsplorer	8506.0	8791.0	2566.0	10000.0	1494.0	0.8200833111761057	0.7682442196531792	0.8506	0.7957981855801369	0.8073272589217919	0.20420181441986313	0.1494	0.88	1.03
25X	dataset1	Deep_EccScan	9587.0	9966.0	45.0	10000.0	413.0	0.9771514093290097	0.995328073089701	0.9587	0.9955201592832255	0.9766707416462916	0.004479840716774514	0.0413	1.28	1.04
25X	dataset1	Circle_finder	8627.0	13921.0	507.0	10000.0	873.0	0.9310241415504573	0.944493102693234	0.9081052631578947	0.9517464547444561	0.925941826768273	0.04825354525554392	0.09189473684210527	1.66	1.61
25X	dataset1	CircleMap	9505.0	15638.0	2489.0	10000.0	495.0	0.8673129085330606	0.7924795731198933	0.9505	0.8007046200656578	0.8643266345366917	0.1992953799343422	0.0495	52.63	1.65
25X	dataset1	ecc_finder	7010.0	7041.0	339.0	10000.0	2990.0	0.8363243030630808	0.9538712750034019	0.701	0.9672115291614276	0.8081157415412992	0.0327884708385724	0.299	1.41	1.0
25X	dataset1	ECCsplorer	8849.0	9042.0	5319.0	10000.0	1151.0	0.744460681701489	0.6245765104460757	0.8849	0.6527841242900972	0.7322906322409799	0.34721587570990275	0.1151	2.95	1.02
25X	dataset2	Deep_EccScan	9652.0	10183.0	7.0	10000.0	348.0	0.9822562103263858	0.9992752872968216	0.9652	0.9993004896572399	0.9819421130271122	0.0006995103427600679	0.0348	1.37	1.06
25X	dataset2	Circle_finder	8603.0	17335.0	518.0	10000.0	897.0	0.9293136177440303	0.943207981580967	0.905578947368421	0.9507510933637574	0.9240105257504967	0.04924890663624263	0.09442105263157895	2.01	2.01
25X	dataset2	CircleMap	9429.0	13737.0	2285.0	10000.0	571.0	0.8718420462194301	0.8049342666894315	0.9429	0.814000814000814	0.8684719535783365	0.185999185999186	0.0571	29.86	1.46
25X	dataset2	ecc_finder	8426.0	8514.0	173.0	10000.0	1574.0	0.9133990978039954	0.9798813815559949	0.8426	0.982994200334218	0.9060702188289692	0.017005799665781973	0.1574	1.35	1.01
25X	dataset2	ECCsplorer	9069.0	9342.0	3151.0	10000.0	931.0	0.8236793227074425	0.7421440261865794	0.9069	0.7603984487871644	0.8162916291629162	0.23960155121283552	0.0931	1.78	1.03
25X	dataset3	Deep_EccScan	9640.0	10169.0	22.0	10000.0	360.0	0.9809209869143942	0.997723038708342	0.964	0.9978048293753742	0.9805716610721189	0.002195170624625823	0.036	1.09	1.05
25X	dataset3	Circle_finder	8605.0	19484.0	522.0	10000.0	895.0	0.9292278493656977	0.9428070559877287	0.9057894736842105	0.9503896597605018	0.9239276319321414	0.049610340239498195	0.09421052631578947	2.15	2.26
25X	dataset3	CircleMap	9412.0	11672.0	1140.0	10000.0	588.0	0.9182592242194891	0.8919636087945413	0.9412	0.8976660682226212	0.9159205916699105	0.10233393177737882	0.0588	13.86	1.24
25X	dataset3	ecc_finder	8782.0	8889.0	206.0	10000.0	1218.0	0.92952588340097	0.977080551846907	0.8782	0.9798157946306094	0.9250052664840952	0.020184205369390553	0.1218	2.26	1.01
25X	dataset3	ECCsplorer	8881.0	9172.0	2785.0	10000.0	1119.0	0.828659205617731	0.761272072689868	0.8881	0.7821666014861165	0.8198098403027785	0.21783339851388345	0.1119	1.26	1.03
25X	dataset4	Deep_EccScan	9669.0	10091.0	31.0	10000.0	331.0	0.9819280115820478	0.9968041237113402	0.9669	0.9969095803010667	0.9816243654822335	0.0030904196989333067	0.0331	1.71	1.04
25X	dataset4	Circle_finder	8703.0	15994.0	507.0	10000.0	797.0	0.9348228120157944	0.9449511400651466	0.9161052631578948	0.9517464547444561	0.930304649919829	0.04825354525554392	0.08389473684210526	2.02	1.84
25X	dataset4	CircleMap	9529.0	14848.0	2603.0	10000.0	471.0	0.8640003539353183	0.785443455324761	0.9529	0.7934618741569468	0.8611060907283572	0.20653812584305323	0.0471	38.45	1.56
25X	dataset4	ecc_finder	8357.0	8417.0	263.0	10000.0	1643.0	0.9059369293786704	0.9694895591647332	0.8357	0.9743739647276625	0.8976369495166489	0.025626035272337522	0.1643	1.36	1.01
25X	dataset4	ECCsplorer	9072.0	9287.0	3419.0	10000.0	928.0	0.8143814851189205	0.7262829237050676	0.9072	0.7452120128176466	0.8067226890756303	0.2547879871823534	0.0928	2.32	1.02
25X	dataset5	Deep_EccScan	9602.0	9990.0	29.0	10000.0	398.0	0.9786809126766189	0.9969888900425709	0.9602	0.9971083856815236	0.9782486882991187	0.0028916143184764182	0.0398	1.3	1.04
25X	dataset5	Circle_finder	8623.0	13826.0	512.0	10000.0	877.0	0.9305916450129922	0.9439518336070061	0.9076842105263158	0.9512937595129376	0.9254628387442984	0.0487062404870624	0.09231578947368421	1.64	1.6
25X	dataset5	CircleMap	9512.0	15530.0	2556.0	10000.0	488.0	0.8650469941478985	0.7882001988730527	0.9512	0.7964319847085058	0.8620627152437919	0.2035680152914941	0.0488	51.94	1.63
25X	dataset5	ecc_finder	7042.0	7078.0	331.0	10000.0	2958.0	0.8382273375633269	0.9551064695510647	0.7042	0.9679605072113058	0.8106832441144306	0.032039492788694224	0.2958	1.45	1.01
25X	dataset5	ECCsplorer	8873.0	9085.0	6212.0	10000.0	1127.0	0.7200137341675569	0.5882001988730527	0.8873	0.616827041697508	0.7074347219453858	0.383172958302492	0.1127	3.23	1.02
25X	dataset6	Deep_EccScan	9528.0	9960.0	49.0	10000.0	472.0	0.9740136665170332	0.9948835752323274	0.9528	0.9951238929246691	0.9733871379680237	0.004876107075330879	0.0472	1.32	1.05
25X	dataset6	Circle_finder	8572.0	15054.0	512.0	10000.0	928.0	0.9280431740955427	0.943637164244826	0.9023157894736842	0.9512937595129376	0.9225139905294877	0.0487062404870624	0.09768421052631579	1.76	1.76
25X	dataset6	CircleMap	9158.0	12228.0	1314.0	10000.0	842.0	0.8988458290325607	0.8745225362872422	0.9158	0.8838607035531201	0.8946854239937475	0.11613929644687997	0.0842	32.75	1.34
25X	dataset6	ecc_finder	5401.0	5442.0	420.0	10000.0	4599.0	0.7542115572967679	0.9278474488919429	0.5401	0.9596928982725528	0.6827634157132926	0.04030710172744722	0.4599	1.95	1.01
25X	dataset6	ECCsplorer	7459.0	7684.0	9363.0	10000.0	2541.0	0.5945918332595443	0.4434074426346451	0.7459	0.516448897381604	0.5561852210871673	0.4835511026183959	0.2541	3.58	1.03
25X	dataset7	Deep_EccScan	9596.0	10326.0	136.0	10000.0	404.0	0.9731823599523242	0.9860254829428688	0.9596	0.9865824782951855	0.9726332860328399	0.013417521704814523	0.0404	0.96	1.08
25X	dataset7	Circle_finder	8535.0	18827.0	575.0	10000.0	965.0	0.9232876712328767	0.9368825466520307	0.8984210526315789	0.9456264775413712	0.9172487909725954	0.054373522458628844	0.10157894736842105	2.1	2.21
25X	dataset7	CircleMap	9119.0	9747.0	514.0	10000.0	881.0	0.9319976601345422	0.9466417523097685	0.9119	0.9511128019783146	0.9289461620740591	0.04888719802168537	0.0881	4.28	1.07
25X	dataset7	ecc_finder	4319.0	4388.0	106.0	10000.0	5681.0	0.7121754700089525	0.976045197740113	0.4319	0.9895111814763506	0.5988214904679376	0.010488818523649317	0.5681	2.3	1.02
25X	dataset7	ECCsplorer	8285.0	8583.0	2543.0	10000.0	1715.0	0.8111165328483343	0.7651459179903952	0.8285	0.7972574344255761	0.7955636642980602	0.202742565574424	0.1715	0.94	1.04
30X	dataset1	Deep_EccScan	9612.0	10040.0	50.0	10000.0	388.0	0.9781546134663341	0.9948250879735044	0.9612	0.9950248756218906	0.9777235276167227	0.004975124378109453	0.0388	1.35	1.04
30X	dataset1	Circle_finder	8643.0	14831.0	507.0	10000.0	857.0	0.931823861648423	0.9445901639344262	0.9097894736842105	0.9517464547444561	0.9268632707774798	0.04825354525554392	0.09021052631578948	1.75	1.72
30X	dataset1	CircleMap	9540.0	16453.0	2505.0	10000.0	460.0	0.8682514996667408	0.7920298879202988	0.954	0.7996801279488205	0.865502381492402	0.20031987205117952	0.046	57.22	1.72
30X	dataset1	ecc_finder	7486.0	7535.0	352.0	10000.0	2514.0	0.8591784591194969	0.955090584332738	0.7486	0.9659969088098919	0.8393317636506336	0.03400309119010819	0.2514	1.47	1.01
30X	dataset1	ECCsplorer	8997.0	9221.0	5326.0	10000.0	1003.0	0.75009871278528	0.6281505271242058	0.8997	0.6524859715516116	0.7397936109854869	0.34751402844838836	0.1003	3.27	1.02
30X	dataset2	Deep_EccScan	9674.0	10247.0	16.0	10000.0	326.0	0.9829136690647482	0.9983488132094943	0.9674	0.9984025559105432	0.9826307770441849	0.001597444089456869	0.0326	1.42	1.06
30X	dataset2	Circle_finder	8611.0	18840.0	519.0	10000.0	889.0	0.9296668165243019	0.9431544359255203	0.9064210526315789	0.950660709192889	0.924422973698336	0.04933929080711094	0.09357894736842105	2.08	2.19
30X	dataset2	CircleMap	9446.0	13996.0	2340.0	10000.0	554.0	0.8704565801253357	0.8014593585610046	0.9446	0.8103727714748784	0.8671623978701919	0.18962722852512157	0.0554	32.09	1.48
30X	dataset2	ecc_finder	8577.0	8673.0	184.0	10000.0	1423.0	0.9203824811732065	0.978997831297797	0.8577	0.9819324430479183	0.9143435850967432	0.018067556952081697	0.1423	1.47	1.01
30X	dataset2	ECCsplorer	8974.0	9290.0	3343.0	10000.0	1026.0	0.8128346827742793	0.7285865064544937	0.8974	0.7494566439331485	0.80422995922391	0.2505433560668515	0.1026	1.97	1.04
30X	dataset3	Deep_EccScan	9650.0	10247.0	27.0	10000.0	350.0	0.9811754131921906	0.9972098790947608	0.965	0.997307270370001	0.9808405752909489	0.0026927296299990027	0.035	1.16	1.06
30X	dataset3	Circle_finder	8603.0	21360.0	520.0	10000.0	897.0	0.9292207792207792	0.9430012057437247	0.905578947368421	0.9505703422053232	0.9239112924877839	0.049429657794676805	0.09442105263157895	2.25	2.48
30X	dataset3	CircleMap	9416.0	11772.0	1124.0	10000.0	584.0	0.9191441014959288	0.893358633776091	0.9416	0.8989572096368212	0.9168451801363193	0.10104279036317872	0.0584	14.4	1.25
30X	dataset3	ecc_finder	8850.0	8978.0	232.0	10000.0	1150.0	0.9316923685251087	0.9744549658665492	0.885	0.9773260359655981	0.927575725814904	0.022673964034401875	0.115	2.43	1.01
30X	dataset3	ECCsplorer	8783.0	9102.0	2996.0	10000.0	1217.0	0.8167942250826231	0.7456490364207488	0.8783	0.7694675284702985	0.8065567748748795	0.23053247152970144	0.1217	1.52	1.04
30X	dataset4	Deep_EccScan	9682.0	10144.0	38.0	10000.0	318.0	0.9822337558638586	0.9960905349794239	0.9682	0.9962143853357243	0.9819472616632859	0.003785614664275752	0.0318	1.77	1.05
30X	dataset4	Circle_finder	8711.0	17212.0	511.0	10000.0	789.0	0.9350357303483084	0.9445890262415961	0.9169473684210526	0.9513842641042717	0.9305629740412348	0.04861573589572828	0.08305263157894736	2.08	1.98
30X	dataset4	CircleMap	9537.0	15194.0	2714.0	10000.0	463.0	0.8601303161046051	0.7784670639131499	0.9537	0.7865345288658172	0.8572199002292031	0.2134654711341828	0.0463	41.38	1.59
30X	dataset4	ecc_finder	8329.0	8399.0	259.0	10000.0	1671.0	0.9047336986030899	0.9698416394969726	0.8329	0.9747538746466518	0.8961695717667313	0.02524612535334828	0.1671	1.28	1.01
30X	dataset4	ECCsplorer	9029.0	9259.0	3730.0	10000.0	971.0	0.8018963337547408	0.7076573399169214	0.9029	0.7283321194464676	0.7934443516850477	0.2716678805535324	0.0971	2.21	1.03
30X	dataset5	Deep_EccScan	9620.0	10031.0	53.0	10000.0	380.0	0.9784072208647085	0.994520831179572	0.962	0.9947279419078882	0.977990138768871	0.005272058092111807	0.038	1.35	1.04
30X	dataset5	Circle_finder	8643.0	14914.0	511.0	10000.0	857.0	0.9316375993203738	0.9441774087830457	0.9097894736842105	0.9513842641042717	0.9266645223544548	0.04861573589572828	0.09021052631578948	1.78	1.73
30X	dataset5	CircleMap	9539.0	16370.0	2600.0	10000.0	461.0	0.8645575221238938	0.7858143174890848	0.9539	0.7936507936507936	0.8617372058358552	0.20634920634920634	0.0461	56.33	1.72
30X	dataset5	ecc_finder	7456.0	7496.0	349.0	10000.0	2544.0	0.8578308516389012	0.9552850736707239	0.7456	0.9662769349695622	0.837517551249649	0.033723065030437725	0.2544	1.37	1.01
30X	dataset5	ECCsplorer	8965.0	9189.0	5542.0	10000.0	1035.0	0.7425025448281263	0.6179775280898876	0.8965	0.6434178355424013	0.7316276982086749	0.35658216445759877	0.1035	3.01	1.02
30X	dataset6	Deep_EccScan	9611.0	10056.0	66.0	10000.0	389.0	0.9773248280673776	0.9931797044538596	0.9611	0.9934432743890323	0.9768765563856279	0.0065567256109676135	0.0389	1.21	1.05
30X	dataset6	Circle_finder	8599.0	16128.0	513.0	10000.0	901.0	0.9293459251486533	0.9437006145741879	0.905157894736842	0.9512032721392562	0.9240275091338921	0.04879672786074384	0.0948421052631579	1.84	1.88
30X	dataset6	CircleMap	9197.0	12619.0	1368.0	10000.0	803.0	0.898399475851741	0.8705158542356839	0.9197	0.8796622097114708	0.8944322878677365	0.1203377902885292	0.0803	36.31	1.37
30X	dataset6	ecc_finder	5475.0	5518.0	428.0	10000.0	4525.0	0.7575386724104171	0.9274944943249195	0.5475	0.9589566551591868	0.688549330315035	0.04104334484081319	0.4525	1.86	1.01
30X	dataset6	ECCsplorer	7505.0	7770.0	8466.0	10000.0	2495.0	0.6149441438909576	0.46991421952288526	0.7505	0.5415357955160837	0.5779523314466136	0.4584642044839164	0.2495	3.95	1.04
30X	dataset7	Deep_EccScan	9610.0	10339.0	130.0	10000.0	390.0	0.9741679085941382	0.9866529774127311	0.961	0.9871668311944719	0.9736575481256332	0.012833168805528134	0.039	0.96	1.08
30X	dataset7	Circle_finder	8544.0	20553.0	573.0	10000.0	956.0	0.923828027698899	0.937150378413952	0.8993684210526316	0.9458053532582994	0.9178707632808725	0.05419464674170056	0.10063157894736842	2.21	2.41
30X	dataset7	CircleMap	9142.0	9720.0	499.0	10000.0	858.0	0.9338016488609201	0.9482418836220309	0.9142	0.952471663967997	0.9309098314749759	0.04752833603200305	0.0858	4.1	1.06
30X	dataset7	ecc_finder	4463.0	4550.0	112.0	10000.0	5537.0	0.7191229116945107	0.9755191256830601	0.4463	0.9889240506329114	0.6124185248713551	0.011075949367088608	0.5537	2.48	1.02
30X	dataset7	ECCsplorer	8021.0	8316.0	2951.0	10000.0	1979.0	0.7851945449000044	0.731042654028436	0.8021	0.772141147401745	0.7649246614533665	0.22785885259825497	0.1979	0.92	1.04
35X	dataset1	Deep_EccScan	9627.0	10099.0	70.0	10000.0	373.0	0.977927254608869	0.9927812725585232	0.9627	0.9930486593843099	0.977509265370361	0.006951340615690168	0.0373	1.47	1.05
35X	dataset1	Circle_finder	8644.0	15815.0	513.0	10000.0	856.0	0.9315944635986608	0.9439772851370536	0.9098947368421053	0.9512032721392562	0.9266227153347268	0.04879672786074384	0.09010526315789473	1.83	1.83
35X	dataset1	CircleMap	9544.0	16837.0	2556.0	10000.0	456.0	0.8664656854052137	0.7887603305785124	0.9544	0.7964319847085058	0.863710407239819	0.2035680152914941	0.0456	59.09	1.76
35X	dataset1	ecc_finder	7380.0	7431.0	353.0	10000.0	2620.0	0.8539281678376652	0.9543514806672702	0.738	0.9659036028204385	0.8323464726780578	0.03409639717956148	0.262	1.42	1.01
35X	dataset1	ECCsplorer	9046.0	9262.0	5304.0	10000.0	954.0	0.752687322162504	0.6303832752613241	0.9046	0.6534239414532148	0.7429979466119097	0.34657605854678514	0.0954	3.43	1.02
35X	dataset2	Deep_EccScan	9679.0	10264.0	22.0	10000.0	321.0	0.9828688442713016	0.9977321925574683	0.9679	0.9978048293753742	0.9825897162580579	0.002195170624625823	0.0321	1.35	1.06
35X	dataset2	Circle_finder	8609.0	20356.0	524.0	10000.0	891.0	0.9293347982421095	0.9426256432716522	0.9062105263157895	0.9502090459901178	0.9240594643911338	0.04979095400988218	0.09378947368421052	2.18	2.36
35X	dataset2	CircleMap	9449.0	14375.0	2312.0	10000.0	551.0	0.8716833990677663	0.8034180766941587	0.9449	0.8122157244964262	0.8684343550388309	0.18778427550357374	0.0551	34.59	1.52
35X	dataset2	ecc_finder	8655.0	8766.0	190.0	10000.0	1345.0	0.9239722634967806	0.9785189372526851	0.8655	0.9813542688910697	0.9185460334306182	0.018645731108930325	0.1345	1.54	1.01
35X	dataset2	ECCsplorer	8958.0	9274.0	3292.0	10000.0	1042.0	0.8139275287652413	0.731265306122449	0.8958	0.7523322299127294	0.8052134831460674	0.24766777008727053	0.1042	2.1	1.04
35X	dataset3	Deep_EccScan	9665.0	10296.0	26.0	10000.0	335.0	0.9819734345351043	0.9973170983386648	0.9665	0.997406742469579	0.981666751307704	0.002593257530420906	0.0335	1.27	1.07
35X	dataset3	Circle_finder	8603.0	22851.0	529.0	10000.0	897.0	0.9288032353088023	0.942071835304424	0.905578947368421	0.9497578117580017	0.9234650064405324	0.05024218824199829	0.09442105263157895	2.31	2.66
35X	dataset3	CircleMap	9420.0	11794.0	1132.0	10000.0	580.0	0.9189854249479462	0.8927217589082639	0.942	0.8983111749910169	0.9166991047100039	0.10168882500898312	0.058	14.77	1.25
35X	dataset3	ecc_finder	8858.0	8990.0	279.0	10000.0	1142.0	0.9299275112185019	0.9694648133960818	0.8858	0.9728572818367546	0.9257459371897372	0.02714271816324545	0.1142	2.54	1.01
35X	dataset3	ECCsplorer	8642.0	8957.0	3256.0	10000.0	1358.0	0.8015995872033024	0.7263405614388972	0.8642	0.7543753771876885	0.7892958261028404	0.2456246228123114	0.1358	1.32	1.04
35X	dataset4	Deep_EccScan	9683.0	10162.0	42.0	10000.0	317.0	0.9820876160063866	0.995681233933162	0.9683	0.9958175662218681	0.9817997465145754	0.0041824337781318464	0.0317	1.88	1.05
35X	dataset4	Circle_finder	8709.0	18462.0	510.0	10000.0	791.0	0.9349825087456272	0.9446794663195575	0.9167368421052632	0.9514747859181731	0.9304984240611145	0.048525214081826834	0.08326315789473684	2.14	2.12
35X	dataset4	CircleMap	9531.0	15568.0	2722.0	10000.0	469.0	0.8595634187131415	0.7778503223700318	0.9531	0.7860399308284861	0.8566036040084483	0.21396006917151392	0.0469	43.71	1.63
35X	dataset4	ecc_finder	8493.0	8574.0	266.0	10000.0	1507.0	0.9125135695253134	0.9696312364425163	0.8493	0.9740892265731541	0.9054853670238286	0.0259107734268459	0.1507	1.25	1.01
35X	dataset4	ECCsplorer	9016.0	9263.0	3781.0	10000.0	984.0	0.7996299566881123	0.70454012659217	0.9016	0.7256367462448299	0.7909812694652806	0.2743632537551702	0.0984	2.38	1.03
35X	dataset5	Deep_EccScan	9631.0	10081.0	67.0	10000.0	369.0	0.9782727861663427	0.9930913590431016	0.9631	0.9933445912387007	0.9778657731749416	0.006655408761299295	0.0369	1.4	1.05
35X	dataset5	Circle_finder	8644.0	15728.0	515.0	10000.0	856.0	0.9315013739695228	0.9437711540561197	0.9098947368421053	0.9510223490252021	0.9265233935366313	0.04897765097479791	0.09010526315789473	1.84	1.82
35X	dataset5	CircleMap	9547.0	16782.0	2575.0	10000.0	453.0	0.8658693244739757	0.7875763075400098	0.9547	0.7952286282306164	0.8631226833016905	0.2047713717693837	0.0453	58.83	1.76
35X	dataset5	ecc_finder	7422.0	7476.0	345.0	10000.0	2578.0	0.8563283362005407	0.9555813055233681	0.7422	0.9666505558240696	0.8354815106658411	0.0333494441759304	0.2578	1.39	1.01
35X	dataset5	ECCsplorer	9018.0	9256.0	4497.0	10000.0	982.0	0.7763399599951014	0.6672586015538291	0.9018	0.689797889218459	0.766999787369764	0.31020211078154103	0.0982	3.66	1.03
35X	dataset6	Deep_EccScan	9604.0	10114.0	101.0	10000.0	396.0	0.9752748619471668	0.9895929933024215	0.9604	0.99000099000099	0.9747779751332148	0.00999900999901	0.0396	1.4	1.05
35X	dataset6	Circle_finder	8602.0	17231.0	517.0	10000.0	898.0	0.9293100864265375	0.9433051869722557	0.9054736842105263	0.9508414947228297	0.9240023631773995	0.0491585052771703	0.09452631578947368	1.95	2.0
35X	dataset6	CircleMap	9241.0	12910.0	1371.0	10000.0	759.0	0.9003322259136213	0.8708066339992462	0.9241	0.879430129276229	0.8966621385600623	0.120569870723771	0.0759	38.28	1.4
35X	dataset6	ecc_finder	5600.0	5654.0	432.0	10000.0	4400.0	0.7635082223962412	0.9283819628647215	0.56	0.9585889570552147	0.6986027944111777	0.04141104294478527	0.44	1.76	1.01
35X	dataset6	ECCsplorer	7495.0	7736.0	6055.0	10000.0	2505.0	0.6714642103243139	0.5531365313653136	0.7495	0.6228589224540642	0.6365180467091295	0.37714107754593584	0.2505	3.11	1.03
35X	dataset7	Deep_EccScan	9614.0	10380.0	139.0	10000.0	386.0	0.9739311783107404	0.9857479749820568	0.9614	0.9862905611993293	0.9734217587201943	0.013709438800670678	0.0386	0.96	1.08
35X	dataset7	Circle_finder	8542.0	22356.0	581.0	10000.0	958.0	0.9233603904188038	0.9363148087252	0.8991578947368422	0.9450902561194594	0.9173602534500349	0.05490974388054059	0.1008421052631579	2.29	2.62
35X	dataset7	CircleMap	9146.0	9813.0	472.0	10000.0	854.0	0.9352286049237983	0.950925348305261	0.9146	0.9549274255156608	0.9324090121317157	0.04507257448433919	0.0854	4.7	1.07
35X	dataset7	ecc_finder	4531.0	4629.0	129.0	10000.0	5469.0	0.7218937850861941	0.9723175965665236	0.4531	0.9872642906506072	0.6181446111869031	0.012735709349392832	0.5469	2.65	1.02
35X	dataset7	ECCsplorer	7872.0	8165.0	3199.0	10000.0	2128.0	0.7703780335359283	0.7110468792340349	0.7872	0.7576331540268202	0.7471880784015946	0.24236684597317978	0.2128	0.95	1.04
40X	dataset1	Deep_EccScan	9662.0	10153.0	81.0	10000.0	338.0	0.9791345052537225	0.9916863389099867	0.9662	0.9919650828290845	0.9787772881527631	0.008034917170915585	0.0338	1.47	1.05
40X	dataset1	Circle_finder	8662.0	16671.0	514.0	10000.0	838.0	0.9324472868991706	0.9439843068875327	0.9117894736842105	0.9511128019783146	0.927607624759049	0.04888719802168537	0.08821052631578948	1.93	1.92
40X	dataset1	CircleMap	9550.0	17284.0	2586.0	10000.0	450.0	0.8655804480651731	0.7869149637442321	0.955	0.794533608771651	0.862847849656668	0.20546639122834895	0.045	61.93	1.81
40X	dataset1	ecc_finder	7700.0	7755.0	356.0	10000.0	2300.0	0.8695224995087444	0.9558093346573983	0.77	0.9656237929702588	0.8529020824102792	0.034376207029741215	0.23	1.45	1.01
40X	dataset1	ECCsplorer	9042.0	9288.0	5919.0	10000.0	958.0	0.7346734056097843	0.6043713655504311	0.9042	0.6281801620704818	0.7244902047193622	0.37181983792951817	0.0958	3.41	1.03
40X	dataset2	Deep_EccScan	9691.0	10315.0	20.0	10000.0	309.0	0.9835664335664336	0.9979404798681907	0.9691	0.998003992015968	0.9833088123382882	0.001996007984031936	0.0309	1.52	1.06
40X	dataset2	Circle_finder	8615.0	21698.0	517.0	10000.0	885.0	0.9299595343957636	0.9433858957512046	0.9068421052631579	0.9508414947228297	0.9247531129240019	0.0491585052771703	0.0931578947368421	2.29	2.52
40X	dataset2	CircleMap	9456.0	14545.0	2291.0	10000.0	544.0	0.8728186263514423	0.8049714820805312	0.9456	0.8136034496786266	0.8696371913367361	0.18639655032137337	0.0544	35.56	1.54
40X	dataset2	ecc_finder	8727.0	8846.0	197.0	10000.0	1273.0	0.9272169134029806	0.9779246974450919	0.8727	0.9806805923310777	0.9223208623969562	0.01931940766892223	0.1273	1.59	1.01
40X	dataset2	ECCsplorer	8862.0	9198.0	4280.0	10000.0	1138.0	0.7768533772652388	0.6743265865165119	0.8862	0.7002801120448179	0.7658802177858438	0.29971988795518206	0.1138	2.12	1.04
40X	dataset3	Deep_EccScan	9672.0	10300.0	34.0	10000.0	328.0	0.9819307177797744	0.9964970121574284	0.9672	0.9966115208291808	0.9816299604181468	0.0033884791708192145	0.0328	1.25	1.06
40X	dataset3	Circle_finder	8612.0	24832.0	534.0	10000.0	888.0	0.9290206648697215	0.9416138202492893	0.9065263157894737	0.9493070058857034	0.9237369945296579	0.05069299411429656	0.09347368421052632	2.38	2.88
40X	dataset3	CircleMap	9417.0	11858.0	1090.0	10000.0	583.0	0.9206733048838311	0.8962596364328543	0.9417	0.9017132551848512	0.9184181011361975	0.09828674481514878	0.0583	15.55	1.26
40X	dataset3	ecc_finder	8987.0	9132.0	167.0	10000.0	1013.0	0.9414885704368523	0.9817566091326196	0.8987	0.9835743090390479	0.938394069123943	0.0164256909609521	0.1013	1.76	1.02
40X	dataset3	ECCsplorer	8465.0	8787.0	3529.0	10000.0	1535.0	0.7847762335840878	0.7057695514423878	0.8465	0.7391529307413703	0.7697553878330454	0.2608470692586296	0.1535	1.52	1.04
40X	dataset4	Deep_EccScan	9701.0	10212.0	79.0	10000.0	299.0	0.9811743612729718	0.9919222903885481	0.9701	0.9921619208254787	0.9808897876643073	0.007838079174521282	0.0299	1.99	1.05
40X	dataset4	Circle_finder	8725.0	19558.0	517.0	10000.0	775.0	0.9354548633661388	0.9440597273317464	0.9184210526315789	0.9508414947228297	0.9310639206061253	0.0491585052771703	0.08157894736842106	2.24	2.24
40X	dataset4	CircleMap	9559.0	15920.0	2618.0	10000.0	441.0	0.8647537359625077	0.7850045167118338	0.9559	0.7925186241876684	0.8620643008522343	0.2074813758123316	0.0441	46.4	1.67
40X	dataset4	ecc_finder	8593.0	8676.0	272.0	10000.0	1407.0	0.9171764009471192	0.969317540891145	0.8593	0.9735202492211839	0.9109992048767559	0.0264797507788162	0.1407	1.27	1.01
40X	dataset4	ECCsplorer	9007.0	9263.0	3765.0	10000.0	993.0	0.7997896065642752	0.7052145317882869	0.9007	0.726480203414457	0.7910591955032495	0.27351979658554304	0.0993	2.54	1.03
40X	dataset5	Deep_EccScan	9655.0	10130.0	83.0	10000.0	345.0	0.9786884429617089	0.9914766892585747	0.9655	0.9917683229197659	0.9783159387982572	0.008231677080234057	0.0345	1.41	1.05
40X	dataset5	Circle_finder	8653.0	16692.0	511.0	10000.0	847.0	0.9321373244715406	0.9442383238760367	0.9108421052631579	0.9513842641042717	0.9272396056579512	0.04861573589572828	0.0891578947368421	1.91	1.93
40X	dataset5	CircleMap	9542.0	17469.0	2585.0	10000.0	458.0	0.8652645561213195	0.7868392842417745	0.9542	0.7945967421533572	0.8624757084105391	0.20540325784664282	0.0458	62.05	1.83
40X	dataset5	ecc_finder	7557.0	7622.0	357.0	10000.0	2443.0	0.8624551751240359	0.9548900682335102	0.7557	0.9655305590421936	0.8436976666294518	0.03446944095780632	0.2443	1.39	1.01
40X	dataset5	ECCsplorer	9060.0	9299.0	5358.0	10000.0	940.0	0.7516365643978232	0.628381190178943	0.906	0.6511264487563485	0.7420755180604472	0.3488735512436515	0.094	3.46	1.03
40X	dataset6	Deep_EccScan	9626.0	10152.0	149.0	10000.0	374.0	0.9740433768425232	0.9847570332480818	0.9626	0.9853187506158242	0.9735524652338812	0.01468124938417578	0.0374	1.37	1.05
40X	dataset6	Circle_finder	8608.0	18258.0	511.0	10000.0	892.0	0.9298885612912898	0.9439631538545893	0.9061052631578947	0.9513842641042717	0.924646866104517	0.04861573589572828	0.09389473684210527	2.04	2.12
40X	dataset6	CircleMap	9242.0	13095.0	1348.0	10000.0	758.0	0.9013490725126475	0.872710103871577	0.9242	0.8812125484666902	0.8977173385138416	0.11878745153330983	0.0758	40.23	1.42
40X	dataset6	ecc_finder	5611.0	5664.0	444.0	10000.0	4389.0	0.7635981216982978	0.926672171758877	0.5611	0.9574875526618154	0.6989722827779509	0.0425124473381846	0.4389	1.85	1.01
40X	dataset6	ECCsplorer	7459.0	7743.0	7800.0	10000.0	2541.0	0.6280215827338129	0.4888262664656924	0.7459	0.5617977528089888	0.5906013698087811	0.43820224719101125	0.2541	3.93	1.04
40X	dataset7	Deep_EccScan	9615.0	10417.0	124.0	10000.0	385.0	0.9747068177300735	0.987267686620803	0.9615	0.9877518767285658	0.9742134859921983	0.012248123271434215	0.0385	1.01	1.08
40X	dataset7	Circle_finder	8553.0	24057.0	584.0	10000.0	947.0	0.923770165305716	0.9360840538469958	0.9003157894736842	0.9448223733938019	0.9178515855556151	0.05517762660619804	0.09968421052631579	2.37	2.81
40X	dataset7	CircleMap	9141.0	9779.0	526.0	10000.0	859.0	0.9325246029426094	0.9455880831695459	0.9141	0.9500285008550257	0.9295774647887324	0.04997149914497435	0.0859	4.49	1.07
40X	dataset7	ecc_finder	4627.0	4728.0	141.0	10000.0	5373.0	0.7262300779504494	0.9704278523489933	0.4627	0.9860960457548565	0.6266251354279523	0.013903954245143476	0.5373	2.74	1.02
40X	dataset7	ECCsplorer	7663.0	7954.0	3357.0	10000.0	2337.0	0.7562186924690671	0.695372050816697	0.7663	0.7486711087819121	0.7291151284490961	0.2513288912180879	0.2337	0.99	1.04
45X	dataset1	Deep_EccScan	9670.0	10186.0	88.0	10000.0	330.0	0.9791915571485464	0.9909817585570814	0.967	0.9912767644726408	0.9788440125518777	0.008723235527359239	0.033	1.56	1.05
45X	dataset1	Circle_finder	8651.0	17496.0	517.0	10000.0	849.0	0.9317580056951591	0.943608202443281	0.9106315789473685	0.9508414947228297	0.9268266552389115	0.0491585052771703	0.08936842105263158	1.99	2.02
45X	dataset1	CircleMap	9555.0	17960.0	2493.0	10000.0	445.0	0.8693815853821188	0.7930776892430279	0.9555	0.8004482510205715	0.8667452830188679	0.19955174897942848	0.0445	65.16	1.88
45X	dataset1	ecc_finder	7622.0	7686.0	352.0	10000.0	2378.0	0.8658608490566038	0.9558565337346375	0.7622	0.9659969088098919	0.8481139423611883	0.03400309119010819	0.2378	1.45	1.01
45X	dataset1	ECCsplorer	9027.0	9270.0	4994.0	10000.0	973.0	0.7612627030487317	0.6438199843092504	0.9027	0.6669334400426837	0.7515923566878981	0.33306655995731627	0.0973	3.52	1.03
45X	dataset2	Deep_EccScan	9700.0	10383.0	54.0	10000.0	300.0	0.982347661314451	0.9944638097190897	0.97	0.9946290033817387	0.9820795788194796	0.0053709966182613885	0.03	1.63	1.07
45X	dataset2	Circle_finder	8622.0	23067.0	531.0	10000.0	878.0	0.9296590285058159	0.9419862340216323	0.907578947368421	0.9495774380400722	0.9244625529405458	0.05042256195992783	0.09242105263157895	2.34	2.68
45X	dataset2	CircleMap	9453.0	14747.0	2267.0	10000.0	547.0	0.8736246463376297	0.8065699658703072	0.9453	0.8151952392598028	0.8704419889502762	0.18480476074019728	0.0547	37.42	1.56
45X	dataset2	ecc_finder	8742.0	8870.0	181.0	10000.0	1258.0	0.9286953074674198	0.9797153423736411	0.8742	0.9822217856792064	0.9239549754267293	0.017778214320793635	0.1258	1.4	1.01
45X	dataset2	ECCsplorer	8776.0	9104.0	3775.0	10000.0	1224.0	0.7897371188222924	0.6992271532148833	0.8776	0.7259528130671506	0.7783246862666845	0.27404718693284935	0.1224	2.2	1.04
45X	dataset3	Deep_EccScan	9675.0	10348.0	51.0	10000.0	325.0	0.981247818063937	0.9947563232572486	0.9675	0.9949258780220873	0.9809388624150868	0.005074121977912646	0.0325	1.31	1.07
45X	dataset3	Circle_finder	8614.0	26378.0	528.0	10000.0	886.0	0.9293988416217296	0.9422445854298841	0.9067368421052632	0.9498480243161094	0.9241497693380538	0.05015197568389058	0.09326315789473684	2.45	3.06
45X	dataset3	CircleMap	9427.0	11953.0	1078.0	10000.0	573.0	0.9216718853781194	0.8973821989528796	0.9427	0.9026900162484203	0.9194830529139234	0.0973099837515797	0.0573	16.71	1.27
45X	dataset3	ecc_finder	9011.0	9165.0	174.0	10000.0	989.0	0.9423515415881828	0.9810560696788242	0.9011	0.9828975820719481	0.9393797237425071	0.017102417928051897	0.0989	1.86	1.02
45X	dataset3	ECCsplorer	8335.0	8656.0	3676.0	10000.0	1665.0	0.7744129075857409	0.6939472150528682	0.8335	0.7312079555425564	0.7573485984280588	0.2687920444574437	0.1665	1.53	1.04
45X	dataset4	Deep_EccScan	9722.0	10284.0	107.0	10000.0	278.0	0.9808524394489482	0.989113846779937	0.9722	0.9894132779261897	0.9805839931413587	0.01058672207381023	0.0278	2.02	1.06
45X	dataset4	Circle_finder	8731.0	20880.0	520.0	10000.0	769.0	0.9356143856143856	0.9437898605556156	0.9190526315789473	0.9505703422053232	0.9312569996266866	0.049429657794676805	0.08094736842105263	2.33	2.39
45X	dataset4	CircleMap	9553.0	16379.0	2691.0	10000.0	447.0	0.8617072848265832	0.7802188827180659	0.9553	0.787959971633441	0.8589282503146916	0.21204002836655897	0.0447	47.97	1.71
45X	dataset4	ecc_finder	8537.0	8626.0	267.0	10000.0	1463.0	0.9146395618493117	0.9696728759654702	0.8537	0.9739943508327652	0.9079982982344182	0.02600564916723483	0.1463	1.2	1.01
45X	dataset4	ECCsplorer	8934.0	9200.0	4035.0	10000.0	1066.0	0.7877678385687539	0.6888734674994217	0.8934	0.7125044531528322	0.7779180634768601	0.28749554684716777	0.1066	2.72	1.03
45X	dataset5	Deep_EccScan	9672.0	10174.0	90.0	10000.0	328.0	0.9791936286709806	0.990780577750461	0.9672	0.9910802775024777	0.9788482947070135	0.008919722497522299	0.0328	1.47	1.05
45X	dataset5	Circle_finder	8660.0	17550.0	516.0	10000.0	840.0	0.9322541966426858	0.9437663469921534	0.911578947368421	0.9509319132750095	0.9273934461340758	0.04906808672499049	0.08842105263157894	1.99	2.03
45X	dataset5	CircleMap	9575.0	17873.0	2581.0	10000.0	425.0	0.8668792347548824	0.7876768673905891	0.9575	0.7948493760432398	0.8643256905578626	0.2051506239567602	0.0425	64.71	1.87
45X	dataset5	ecc_finder	7557.0	7622.0	357.0	10000.0	2443.0	0.8624551751240359	0.9548900682335102	0.7557	0.9655305590421936	0.8436976666294518	0.03446944095780632	0.2443	1.39	1.01
45X	dataset5	ECCsplorer	9032.0	9286.0	5472.0	10000.0	968.0	0.7471733668341709	0.6227247655819085	0.9032	0.6463288521199586	0.7371857655892917	0.3536711478800414	0.0968	3.38	1.03
45X	dataset6	Deep_EccScan	9652.0	10207.0	166.0	10000.0	348.0	0.974511554100962	0.9830922794866571	0.9652	0.9836710603974032	0.9740639822383691	0.016328939602596893	0.0348	1.42	1.06
45X	dataset6	Circle_finder	8615.0	19325.0	519.0	10000.0	885.0	0.9298666267046306	0.9431793299759141	0.9068421052631579	0.950660709192889	0.9246538585381561	0.04933929080711094	0.0931578947368421	2.11	2.24
45X	dataset6	CircleMap	9251.0	13218.0	1352.0	10000.0	749.0	0.9016017234919446	0.8724889182306894	0.9251	0.8809020436927414	0.8980245595301655	0.11909795630725863	0.0749	41.39	1.43
45X	dataset6	ecc_finder	5699.0	5751.0	455.0	10000.0	4301.0	0.7674896113419701	0.9260643483912903	0.5699	0.9564801530368244	0.7055837563451777	0.04351984696317551	0.4301	1.74	1.01
45X	dataset6	ECCsplorer	7390.0	7654.0	6530.0	10000.0	2610.0	0.655484357331323	0.5308908045977011	0.739	0.6049606775559588	0.6178929765886287	0.39503932244404116	0.261	3.01	1.04
45X	dataset7	Deep_EccScan	9631.0	10460.0	127.0	10000.0	369.0	0.9753564863119193	0.9869850379176061	0.9631	0.9874592673052237	0.9748962445591659	0.012540732694776341	0.0369	1.04	1.09
45X	dataset7	Circle_finder	8552.0	25746.0	592.0	10000.0	948.0	0.9233525781405535	0.9352580927384077	0.9002105263157895	0.9441087613293051	0.9173996996352713	0.055891238670694864	0.09978947368421053	2.43	3.01
45X	dataset7	CircleMap	9154.0	9786.0	513.0	10000.0	846.0	0.9337493296933652	0.9469328643839867	0.9154	0.9512032721392562	0.9308994762800631	0.04879672786074384	0.0846	4.61	1.07
45X	dataset7	ecc_finder	4675.0	4783.0	143.0	10000.0	5325.0	0.7285409323338132	0.9703196347031964	0.4675	0.9859016070196195	0.6309893372924822	0.014098392980380558	0.5325	2.88	1.02
45X	dataset7	ECCsplorer	7497.0	7772.0	3601.0	10000.0	2503.0	0.7413668912334224	0.6755271220039647	0.7497	0.7352400558782443	0.7106834771068348	0.26475994412175574	0.2503	0.92	1.04
50X	dataset1	Deep_EccScan	9684.0	10211.0	118.0	10000.0	316.0	0.9784272790535838	0.9879616404815343	0.9684	0.9883376161296699	0.9780830219169782	0.011662383870330105	0.0316	1.49	1.05
50X	dataset1	Circle_finder	8659.0	18116.0	516.0	10000.0	841.0	0.9322042366107114	0.9437602179836512	0.9114736842105263	0.9509319132750095	0.9273360107095047	0.04906808672499049	0.08852631578947369	2.02	2.09
50X	dataset1	CircleMap	9577.0	18284.0	2495.0	10000.0	423.0	0.8702822849522116	0.7933233929754805	0.9577	0.8003201280512204	0.8677963030083363	0.1996798719487795	0.0423	67.1	1.91
50X	dataset1	ecc_finder	7569.0	7632.0	353.0	10000.0	2431.0	0.863214268166855	0.9554405453168392	0.7569	0.9659036028204385	0.8446601941747572	0.03409639717956148	0.2431	1.46	1.01
50X	dataset1	ECCsplorer	9021.0	9288.0	5674.0	10000.0	979.0	0.7408662460076342	0.6138822728819326	0.9021	0.6379992344009188	0.7305932374974691	0.3620007655990813	0.0979	3.81	1.03
50X	dataset2	Deep_EccScan	9716.0	10410.0	32.0	10000.0	284.0	0.9842252396166135	0.9967172753385309	0.9716	0.9968102073365231	0.9839983795827425	0.003189792663476874	0.0284	1.6	1.07
50X	dataset2	Circle_finder	8623.0	24251.0	527.0	10000.0	877.0	0.9298946422329855	0.9424043715846995	0.9076842105263158	0.9499382540134891	0.9247184986595173	0.05006174598651088	0.09231578947368421	2.37	2.81
50X	dataset2	CircleMap	9461.0	14923.0	2239.0	10000.0	539.0	0.8750843113449346	0.8086324786324787	0.9461	0.8170602173380178	0.8719815668202766	0.1829397826619822	0.0539	38.38	1.58
50X	dataset2	ecc_finder	8798.0	8940.0	183.0	10000.0	1202.0	0.9313778922855869	0.979623649927625	0.8798	0.9820288716488265	0.9270322954533481	0.017971128351173524	0.1202	1.76	1.02
50X	dataset2	ECCsplorer	8716.0	9049.0	3786.0	10000.0	1284.0	0.7868494072143277	0.6971684530475124	0.8716	0.7253735673872044	0.7746866945160431	0.27462643261279557	0.1284	2.45	1.04
50X	dataset3	Deep_EccScan	9688.0	10427.0	42.0	10000.0	312.0	0.9823370921065762	0.99568345323741	0.9688	0.9958175662218681	0.9820577800304104	0.0041824337781318464	0.0312	1.41	1.08
50X	dataset3	Circle_finder	8613.0	28043.0	526.0	10000.0	887.0	0.9294417257565165	0.9424444687602582	0.9066315789473685	0.9500285008550257	0.9241912119748913	0.04997149914497435	0.09336842105263157	2.49	3.26
50X	dataset3	CircleMap	9418.0	12012.0	1059.0	10000.0	582.0	0.9220760719882236	0.898921446979097	0.9418	0.9042408897730355	0.919861307808761	0.09575911022696447	0.0582	16.79	1.28
50X	dataset3	ecc_finder	9067.0	9226.0	179.0	10000.0	933.0	0.9448932058080183	0.9806402768764871	0.9067	0.9824147755182238	0.9422217603657903	0.017585224481776206	0.0933	2.0	1.02
50X	dataset3	ECCsplorer	8242.0	8560.0	3679.0	10000.0	1758.0	0.7703872629756324	0.6913849509269356	0.8242	0.731047591198187	0.7519729939327585	0.268952408801813	0.1758	1.57	1.04
50X	dataset4	Deep_EccScan	9726.0	10311.0	92.0	10000.0	274.0	0.9817837945450926	0.9906294561010389	0.9726	0.9908838684106223	0.9815319406600062	0.009116131589377725	0.0274	2.03	1.06
50X	dataset4	Circle_finder	8730.0	21901.0	513.0	10000.0	770.0	0.9358916704142307	0.9444985394352483	0.9189473684210526	0.9512032721392562	0.9315477778370592	0.04879672786074384	0.08105263157894736	2.35	2.51
50X	dataset4	CircleMap	9533.0	16514.0	2578.0	10000.0	467.0	0.8651342014350253	0.7871356617950623	0.9533	0.7950389569088885	0.8622857401293473	0.20496104309111146	0.0467	50.26	1.73
50X	dataset4	ecc_finder	8599.0	8696.0	273.0	10000.0	1401.0	0.9174271198145316	0.9692290351668169	0.8599	0.9734254842791784	0.9112971598134801	0.026574515720821573	0.1401	1.25	1.01
50X	dataset4	ECCsplorer	8890.0	9151.0	3653.0	10000.0	1110.0	0.7986301949012811	0.7087618592043371	0.889	0.7324397568300007	0.7887149004125449	0.26756024316999927	0.111	2.43	1.03
50X	dataset5	Deep_EccScan	9685.0	10219.0	105.0	10000.0	315.0	0.9791096742103954	0.9892747701736466	0.9685	0.9896091044037605	0.9787771601819101	0.010390895596239486	0.0315	1.51	1.06
50X	dataset5	Circle_finder	8664.0	18296.0	519.0	10000.0	836.0	0.932314301413657	0.9434825220516171	0.912	0.950660709192889	0.9274741743831291	0.04933929080711094	0.088	2.04	2.11
50X	dataset5	CircleMap	9577.0	18282.0	2536.0	10000.0	423.0	0.8686989705360313	0.7906381573516057	0.9577	0.797702616464582	0.8661873106317551	0.20229738353541799	0.0423	66.47	1.91
50X	dataset5	ecc_finder	7557.0	7622.0	357.0	10000.0	2443.0	0.8624551751240359	0.9548900682335102	0.7557	0.9655305590421936	0.8436976666294518	0.03446944095780632	0.2443	1.39	1.01
50X	dataset5	ECCsplorer	9019.0	9286.0	5613.0	10000.0	981.0	0.742552610002733	0.6163887370147622	0.9019	0.6404918977774932	0.732299447872686	0.3595081022225069	0.0981	4.02	1.03
50X	dataset6	Deep_EccScan	9658.0	10209.0	202.0	10000.0	342.0	0.973071973071973	0.9795131845841785	0.9658	0.9801999607920016	0.9726082578046324	0.019800039207998433	0.0342	1.46	1.06
50X	dataset6	Circle_finder	8619.0	20168.0	515.0	10000.0	881.0	0.9302523107669248	0.9436172542150209	0.9072631578947369	0.9510223490252021	0.9250831812815284	0.04897765097479791	0.09273684210526316	2.16	2.34
50X	dataset6	CircleMap	9237.0	13440.0	1319.0	10000.0	763.0	0.9023406351142174	0.8750473664266768	0.9237	0.8834702712253732	0.89871570344425	0.11652972877462674	0.0763	43.64	1.46
50X	dataset6	ecc_finder	5705.0	5763.0	453.0	10000.0	4295.0	0.7678580159389821	0.9264371549204287	0.5705	0.9566631589017507	0.7061517514543878	0.043336841098249305	0.4295	1.92	1.01
50X	dataset6	ECCsplorer	7369.0	7625.0	7272.0	10000.0	2631.0	0.6368803168084483	0.5033126152585206	0.7369	0.5789717461787864	0.5981088429852683	0.4210282538212135	0.2631	3.65	1.03
50X	dataset7	Deep_EccScan	9627.0	10497.0	132.0	10000.0	373.0	0.9749155573216769	0.9864740239778665	0.9627	0.9869719699960521	0.974442026418341	0.013028030003947888	0.0373	1.06	1.09
50X	dataset7	Circle_finder	8547.0	27065.0	601.0	10000.0	953.0	0.9226904134122681	0.9343025797988631	0.8996842105263158	0.9433072351664937	0.9166666666666666	0.05669276483350627	0.1003157894736842	2.47	3.17
50X	dataset7	CircleMap	9130.0	9729.0	522.0	10000.0	870.0	0.9321703537666894	0.9459179444674679	0.913	0.9503896597605018	0.9291675147567677	0.049610340239498195	0.087	4.35	1.07
50X	dataset7	ecc_finder	4754.0	4869.0	146.0	10000.0	5246.0	0.7323538171349151	0.970204081632653	0.4754	0.9856100926473487	0.6381208053691275	0.01438990735265129	0.5246	2.94	1.02
50X	dataset7	ECCsplorer	7377.0	7654.0	3840.0	10000.0	2623.0	0.7289010067114094	0.6576624765980209	0.7377	0.7225433526011561	0.695385775557336	0.2774566473988439	0.2623	0.94	1.04
